{
    "avg_latency": 46.986307983500105,
    "latencies": [
        45.836397412000224,
        46.4022609800013,
        46.34208511900033,
        46.0999024820012,
        45.80527918000007,
        46.01395586800027,
        46.33436392300064,
        46.2938517700004,
        46.330246796998836,
        46.12016201999904,
        45.79673083000125,
        45.7800000240004,
        46.036074384999665,
        45.875184913998964,
        45.85458667700004,
        46.694608103000064,
        47.20651661000011,
        48.77447362100065,
        47.41563672399934,
        48.62337734100038,
        48.9261630259989,
        48.104051196,
        47.912725277999925,
        47.99557991000074,
        48.0981463499993,
        47.87216939599966,
        47.23076866500014,
        47.89294591300131,
        47.99909810999998,
        47.921896881000066
    ],
    "percentiles": {
        "10": 45.83328558880021,
        "25": 46.05203140925005,
        "50": 46.54843454150068,
        "75": 47.91960398025003,
        "90": 48.15598381050004,
        "99": 48.88217309854941
    }
}