{
    "avg_latency": 46.27454257316668,
    "latencies": [
        45.91244507900001,
        46.01087358500001,
        46.192319494,
        45.97054390400001,
        45.88696684799993,
        46.04209675599998,
        46.18362519800007,
        45.977754903999994,
        46.16820710100001,
        46.16624203900005,
        45.84668144899979,
        45.96890448499994,
        46.207145412000045,
        46.64091946799999,
        46.61685348700007,
        47.86813694500006,
        46.5085993749999,
        46.43528701300011,
        46.442306559000144,
        46.4551022149999,
        47.0092073830001,
        46.17433898100012,
        46.33853328100008,
        46.09879191599998,
        45.846535163,
        46.00921492400016,
        45.82995805099995,
        46.2872602330001,
        47.16119277300004,
        45.98023317399998
    ],
    "percentiles": {
        "10": 45.88293830809992,
        "25": 45.97837447149999,
        "50": 46.17127304100006,
        "75": 46.440551672500135,
        "90": 46.67774825950001,
        "99": 47.66312313512005
    }
}