{
    "elapsed_time": 202.709404403,
    "num_requests": 50,
    "total_num_tokens": 9387,
    "requests_per_second": 0.24665851171165507,
    "tokens_per_second": 46.30766898874612
}